title,url,date,category,content_intro
シリコンバレー最前線！Pythonプロフェッショナル技術を完全マスターする方法,https://set-ten.com/tech-ai/programming/705/,,,本書「シリコンバレー一流プログラマーが教える Pythonプロフェッショナル大全」は、あなたのエンジニアとしての市場価値を確実に高める一冊です。この本を読み終えたとき、あなたは世界標準のPythonスキルを手に入れ、年収アップへの具体的な道筋が見えているでしょう。...
個人開発でスキルアップと収入アップ！生成AIで最速の成果を目指す方法,https://set-ten.com/career-life/side-career/690/,,,『個人開発をはじめよう！クリエイター25人の実践エピソード』は、プログラミング初心者からベテラン開発者まで、多様なバックグラウンドを持つ25名のクリエイターの実体験を通じて、個人開発のリアルを学べる一冊です。本書は、以下のような読者にとって強力なガイドブックとなります。...
生成AIでスキルアップ！AI開発が加速する新時代の開発術,https://set-ten.com/tech-ai/ai-tools/537/,,,これまで「AIにコードを書かせる」ことは夢物語のように語られてきました。けれど、もはやそれは現実の技術です。しかも、実務に役立つ“開発スキル”として習得できるフェーズに入っています。...
生成AIと仕事の未来を変える実践型スキル大全【キャリア×AI】,https://set-ten.com/tech-ai/ai-tools/600/,,,本書『生成AI時代の「超」仕事術大全』を読めば、単なるAIツール活用を超えて、自らの働き方とキャリアの可能性を根本から刷新する視座が手に入ります。...
読みやすいコードを書く！シンプルで実践的なコーディング技術,https://set-ten.com/tech-ai/programming/648/,,,本書『リーダブルコード ―より良いコードを書くためのシンプルで実践的なテクニック』は、ソフトウェア開発者にとって「コードを読める」だけでなく、「すぐに理解できる」コードを書くスキルを磨くための実践ガイドです。読後のあなたは以下の3つの変化を実感できるでしょう：...
生成AIで収入アップ！スキルアップを仕組みに変える実践戦略,https://set-ten.com/tech-ai/ai-tools/166/,,,この記事は最近リライトされました（2025/05/01更新）...
学びのスピードと定着率を変える！AI時代の“自分最適化勉強法”,https://set-ten.com/tech-ai/ai-tools/115/,,,※この記事は『ChatGPT「超」勉強法』（野口悠紀雄 著）をもとに書かれています。...
続けられない人のための習慣術｜科学で変わる行動の仕組みと習慣化のコツ,https://set-ten.com/career-life/lifeshift/621/,,,本書『やり抜く人の9つの習慣 コロンビア大学モチベーション心理学』を読み終えたとき、多くの読者は「これなら続けられそう」という静かな確信を得るはずです。やる気に頼らず、習慣と心理学の力で目標に向かって行動できる――そんな実感が、読み進めるほどに生まれていきます。...
「資産形成もできるエンジニア」が目指すべきキャリア戦略と思考法,https://set-ten.com/review-work/mindset/222/,,,この記事は最近リライトされました（2025/05/05更新）...
定年後を豊かに生きる「小さな仕事」の始め方｜スキルアップと収入アップを実現する働き方戦略,https://set-ten.com/career-life/lifeshift/231/,,,目次...
いつかは達人プログラマー！エンジニアとして成長するための思考法と実践術,https://set-ten.com/review-work/engineer-books/683/,,,本書『達人プログラマー ―熟達に向けたあなたの旅― 第2版』は、ソフトウェア開発者としてキャリアを磨きたい方に最適な一冊です。初心者から経験者まで、誰もが「達人」として成長するための具体的なアプローチを学べます。...
Pythonで生成AI活用！GPT＆Copilotでプログラミング効率化・自動化,https://set-ten.com/tech-ai/programming/123/,,,この記事は最近リライトされました（2025/05/08更新）...
生成AIと“通じる力”を磨く！対話型プロンプト設計の実践法,https://set-ten.com/tech-ai/ai-tools/129/,,,この記事は最近リライトされました（2025/05/01更新）...
生成AI時代の必修スキル 仕事に活かすChatGPT＆Copilot術,https://set-ten.com/tech-ai/ai-tools/109/,,,この記事は最近リライトされました（2025/05/03更新）...
ソフトウェア開発者向け生成AI活用３ステップ｜開発効率化とスキルアップの実践法,https://set-ten.com/tech-ai/ai-tools/19/,,,この記事は最近リライトされました（2025/04/30更新）...
就職氷河期世代の現実と未来｜収入アップとキャリア再構築の方法,https://set-ten.com/career-life/lifeshift/653/,,,本記事で取り上げる書籍は『就職氷河期世代の経済学』です。この本は、1990年代から2000年代初頭にかけての「就職氷河期世代」が直面した経済的現実を、データと事例で徹底解説しています。...
兆人マインドで資産設計を変える！思考を磨いて収入アップを実現する方法,https://set-ten.com/money/investment/160/,,,この記事は最近リライトされました（2025/05/03更新）...
ChatGPTでデータ分析を効率化！可視化スキルも身につく実践ガイド,https://set-ten.com/tech-ai/ai-tools/112/,,,この記事は最近リライトされました（2025/05/08更新）...
GitHubへの最良の入門書｜プルリクエストでスキルアップと開発効率を爆上げする方法,https://set-ten.com/tech-ai/programming/720/,,,この記事を読めば得られることあなたのエンジニアとしての市場価値が確実に上がります。 GitHub でのバージョン管理とチーム開発は、現代のソフトウェア開発において必須のスキルです。この記事を読めば、以下のような未来が待っています。...
Pythonでスキルアップと収入アップを目指す方法｜独学から実務活用まで完全ガイド,https://set-ten.com/tech-ai/programming/676/,,,『独学プログラマー』は、プログラミング初心者から中級者まで幅広い読者におすすめの一冊です。...
挫折しない！独学でプログラミングを身につける9つの学習ステップ,https://set-ten.com/tech-ai/programming/658/,,,プログラミングはスキルアップと収入アップを同時に実現できる強力なスキルです。しかし、独学で学ぼうとすると、多くの人が挫折しがちです。どの言語から始めればいいのか、どの教材を使うべきか、どう学習を進めれば効率的か。こうした疑問が次々と湧き上がり、途中でやめてしまう人も少なくありません。...
Web技術の基礎力でスキルアップ！プロエンジニアへの実践的ロードマップ,https://set-ten.com/tech-ai/programming/713/,,,Web開発の仕事をしているけれど、実際のところ自分はWeb技術の基礎を理解できているだろうか？...
エンジニアのスキルアップと収入アップを実現！情熱プログラマーに学ぶ戦略的キャリア構築法,https://set-ten.com/uncategorized/736/,,,本書「情熱プログラマー」はエンジニアのキャリアを根本から変革する戦略書です。 単なる技術の習得法ではなく、エンジニアとしての「市場価値」を高め、持続的なスキルアップと収入アップを実現するための思考法と具体的な行動指針が詰まっています。...
実践ガイドでわかるBedrock導入術！生成AIでスキルアップ＆収入アップ,https://set-ten.com/tech-ai/ai-tools/28/,,,この記事は最近リライトされました（2025/04/30更新）...
大規模言語モデルを自在に使いこなす力を身につける｜スキルアップと収入アップの実践術,https://set-ten.com/tech-ai/ai-tools/426/,,,本記事で取り上げる書籍は『大規模言語モデルを使いこなすためのプロンプトエンジニアリングの教科書』です。生成AIの進化により、私たちは日々、想像を超えるスピードで知的生産力を求められる時代に生きています。ChatGPTやClaude、Geminiといった大規模言語モデル（LLM）は、私たちの仕事や学び方を大きく変えました。...
短時間学習で成果倍増！エンジニアの知的生産術活用法でスキルアップ,https://set-ten.com/review-work/mindset/14/,,,この記事は最近リライトされました（2025/04/30更新）...
誰でも最初は初心者｜新NISAで始める安心と自由のお金の増やし方入門,https://set-ten.com/money/investment/612/,,,本書『超改訂版 難しいことはわかりませんが、お金の増やし方を教えてください！』を読了すると、多くの人が感じている“漠然としたお金の不安”が、スッと消えていく感覚を味わえます。「資産運用って難しい」「何から始めればいいかわからない」と感じていた読者が、「まずはこの方法でいいんだ」と行動に踏み出せるようになる。その一歩目を、丁寧な対話形式で後押ししてくれるのが本書の最大の価値です。...
AI時代に差をつける「思考フレーム」大全──学習を3倍効率化し副業収入を伸ばす5原則,https://set-ten.com/review-work/mindset/31/,,,目次...
初心者でもPythonがスラスラ！会話形式で学ぶ最強プログラミング入門書,https://set-ten.com/tech-ai/programming/701/,,,『Python1年生 第2版 体験してわかる！会話でまなべる！プログラミングのしくみ』は、Python未経験者にとって理想的な一冊です。本書は、プログラミング初心者が抱える「難しそう」「エラーが怖い」「続かない」といった悩みを解消し、学習を楽しく進められるよう設計されています。...
副業で収入アップ！会社勤めのモヤモヤを吹き飛ばす思考法と実践術,https://set-ten.com/career-life/side-career/634/,,,本書『会社勤めのモヤモヤを吹き飛ばす副業の思考法』は、「副業を始めたいけど一歩が踏み出せない」「本業との両立が不安」という人にこそ読んでほしい一冊です。副業はただ収入を増やす手段ではなく、自分の可能性を広げるための「もう一つのキャリア」です。本書を通じて得られる最大の変化は、以下の3つです。• モヤモヤを具体的な行動に変えられる 副業を「やりたいけど…」で終わらせず、「どうやるか」「何から始めるか...
“書く力”を”稼ぐ力”に変える――40代から始める note 副業戦略,https://set-ten.com/career-life/side-career/366/,,,この記事は最近リライトされました（2025/05/06更新）...
認知科学をハックしてスキルアップ！効率的にプログラミングを学ぶ方法,https://set-ten.com/tech-ai/programming/668/,,,プログラミングスキルは現代のキャリア構築において、スキルアップと収入アップを実現する最も効果的な手段の一つです。しかし、優れたプログラマーになるには単にコードを書く技術を身につけるだけでは不十分です。重要なのは「コードをどのように読み、考え、書くか」という脳の使い方です。...
Docker習得でエンジニアの市場価値が上がる！開発環境構築の効率化ガイド,https://set-ten.com/tech-ai/programming/731/,,,この記事で得られる未来が先にわかります。 Docker活用術を身につけることで、あなたのエンジニアとしての市場価値が大きく向上します。本記事で紹介する『Docker&仮想サーバー完全入門』を読むことで、以下の変化が期待できます。...
エンジニア必読！「ChatGPT活用入門」で作業効率化の第一歩を踏み出そう,https://set-ten.com/tech-ai/ai-tools/34/,,,この記事は最近リライトされました（2025/04/28更新）...
収入アップと働き方改革を同時に実現するマネー思考の習得術,https://set-ten.com/money/investment/178/,,,この記事は最近リライトされました（2025/05/03更新）...
AIエディターを使いこなして開発効率を最大化する実践テクニック,https://set-ten.com/tech-ai/ai-tools/575/,,,本記事で取り上げる書籍は『Cursor完全入門 エンジニア&Webクリエイターの生産性がアップするAIコードエディターの操り方』です。...
早起きは何文の徳？スキルアップと自己成長を叶える朝習慣の科学と実践,https://set-ten.com/review-work/mindset/697/,,,早起きが人生を変える、と聞くと、多くの人は「本当だろうか？」と疑念を抱くかもしれません。しかし、塚本亮氏の著書『頭が冴える！ 毎日が充実する！ スゴい早起き』は、その疑念を明確に打ち消し、早起きがもたらす圧倒的な効果を論理的に解き明かしています。著者は、自らの経験と科学的根拠を交えながら、「早起きはただの習慣ではなく、人生を劇的に向上させるツール」であることを示しています。...
ChatGPTで仕事の質とスピードを劇的に変える方法とは？,https://set-ten.com/tech-ai/ai-tools/118/,,,この記事は最近リライトされました（2025/05/08更新）...
あなたの未来を脅かす“日本経済の静かなる危機”──資産を守る行動とは？,https://set-ten.com/career-life/lifeshift/414/,,,この記事は最近リライトされました（2025/05/06更新）...
副業で収入の複線化！40代からの安定と自由を手にする働き方,https://set-ten.com/career-life/side-career/340/,,,この記事は最近リライトされました（2025/05/06更新）...
読んでも身につかない技術書に悩む人へ──スキルアップを実現する読書術,https://set-ten.com/review-work/mindset/569/,,,技術書を「最後まで読み切れない」「読んでも身につかない」と感じていませんか？...
生成AI導入を加速！プラットフォーム×ライブラリ実践術で収入アップ,https://set-ten.com/tech-ai/ai-tools/26/,,,この記事は最近リライトされました（2025/04/29更新）...
人口減少を逆手に取る！10ステップでスキルアップ＆収入アップ,https://set-ten.com/career-life/lifeshift/490/,,,本記事では、急速に進む人口減少によって直面する12業界の「2030年前後の危機」を俯瞰し、それぞれの瀬戸際を乗り越えるための10ステップ戦略を丁寧に解説します。製造業の品質保証コスト増加や自動車整備士不足、金融業界のIT人材枯渇など、現実味を帯びたシナリオを理解することで、自社や個人が抱えるリスクを把握できます。次に示す10ステップは、量ではなく「質」を重視した事業再構築の手順です。事業ポートフォ...
シリコンバレー最前線！Pythonプロフェッショナル技術を完全マスターする方法,https://set-ten.com/tech-ai/programming/705/#i-12,,,本書「シリコンバレー一流プログラマーが教える Pythonプロフェッショナル大全」は、あなたのエンジニアとしての市場価値を確実に高める一冊です。この本を読み終えたとき、あなたは世界標準のPythonスキルを手に入れ、年収アップへの具体的な道筋が見えているでしょう。...
機械学習プロジェクトを動かすための実務思考と導入戦略のすべて,https://set-ten.com/tech-ai/programming/217/,,,この記事は最近リライトされました（2025/05/03更新）...
シリコンバレー最前線！Pythonプロフェッショナル技術を完全マスターする方法,https://set-ten.com/tech-ai/programming/705/#i-18,,,本書「シリコンバレー一流プログラマーが教える Pythonプロフェッショナル大全」は、あなたのエンジニアとしての市場価値を確実に高める一冊です。この本を読み終えたとき、あなたは世界標準のPythonスキルを手に入れ、年収アップへの具体的な道筋が見えているでしょう。...
シリコンバレー最前線！Pythonプロフェッショナル技術を完全マスターする方法,https://set-ten.com/tech-ai/programming/705/#i-4,,,本書「シリコンバレー一流プログラマーが教える Pythonプロフェッショナル大全」は、あなたのエンジニアとしての市場価値を確実に高める一冊です。この本を読み終えたとき、あなたは世界標準のPythonスキルを手に入れ、年収アップへの具体的な道筋が見えているでしょう。...
シリコンバレー最前線！Pythonプロフェッショナル技術を完全マスターする方法,https://set-ten.com/tech-ai/programming/705/#i-7,,,本書「シリコンバレー一流プログラマーが教える Pythonプロフェッショナル大全」は、あなたのエンジニアとしての市場価値を確実に高める一冊です。この本を読み終えたとき、あなたは世界標準のPythonスキルを手に入れ、年収アップへの具体的な道筋が見えているでしょう。...
シリコンバレー最前線！Pythonプロフェッショナル技術を完全マスターする方法,https://set-ten.com/tech-ai/programming/705/#i-20,,,本書「シリコンバレー一流プログラマーが教える Pythonプロフェッショナル大全」は、あなたのエンジニアとしての市場価値を確実に高める一冊です。この本を読み終えたとき、あなたは世界標準のPythonスキルを手に入れ、年収アップへの具体的な道筋が見えているでしょう。...
シリコンバレー最前線！Pythonプロフェッショナル技術を完全マスターする方法,https://set-ten.com/tech-ai/programming/705/#i-5,,,本書「シリコンバレー一流プログラマーが教える Pythonプロフェッショナル大全」は、あなたのエンジニアとしての市場価値を確実に高める一冊です。この本を読み終えたとき、あなたは世界標準のPythonスキルを手に入れ、年収アップへの具体的な道筋が見えているでしょう。...
シリコンバレー最前線！Pythonプロフェッショナル技術を完全マスターする方法,https://set-ten.com/tech-ai/programming/705/#i-1,,,本書「シリコンバレー一流プログラマーが教える Pythonプロフェッショナル大全」は、あなたのエンジニアとしての市場価値を確実に高める一冊です。この本を読み終えたとき、あなたは世界標準のPythonスキルを手に入れ、年収アップへの具体的な道筋が見えているでしょう。...
シリコンバレー最前線！Pythonプロフェッショナル技術を完全マスターする方法,https://set-ten.com/tech-ai/programming/705/#i-17,,,本書「シリコンバレー一流プログラマーが教える Pythonプロフェッショナル大全」は、あなたのエンジニアとしての市場価値を確実に高める一冊です。この本を読み終えたとき、あなたは世界標準のPythonスキルを手に入れ、年収アップへの具体的な道筋が見えているでしょう。...
,https://set-ten.com/date/2025/01/,,,
,https://set-ten.com/date/2025/03/,,,
シリコンバレー最前線！Pythonプロフェッショナル技術を完全マスターする方法,https://set-ten.com/tech-ai/programming/705/#i-2,,,本書「シリコンバレー一流プログラマーが教える Pythonプロフェッショナル大全」は、あなたのエンジニアとしての市場価値を確実に高める一冊です。この本を読み終えたとき、あなたは世界標準のPythonスキルを手に入れ、年収アップへの具体的な道筋が見えているでしょう。...
シリコンバレー最前線！Pythonプロフェッショナル技術を完全マスターする方法,https://set-ten.com/tech-ai/programming/705/#i-13,,,本書「シリコンバレー一流プログラマーが教える Pythonプロフェッショナル大全」は、あなたのエンジニアとしての市場価値を確実に高める一冊です。この本を読み終えたとき、あなたは世界標準のPythonスキルを手に入れ、年収アップへの具体的な道筋が見えているでしょう。...
,https://set-ten.com/date/2025/02/,,,
シリコンバレー最前線！Pythonプロフェッショナル技術を完全マスターする方法,https://set-ten.com/tech-ai/programming/705/#i-9,,,本書「シリコンバレー一流プログラマーが教える Pythonプロフェッショナル大全」は、あなたのエンジニアとしての市場価値を確実に高める一冊です。この本を読み終えたとき、あなたは世界標準のPythonスキルを手に入れ、年収アップへの具体的な道筋が見えているでしょう。...
シリコンバレー最前線！Pythonプロフェッショナル技術を完全マスターする方法,https://set-ten.com/tech-ai/programming/705/#respond,,,本書「シリコンバレー一流プログラマーが教える Pythonプロフェッショナル大全」は、あなたのエンジニアとしての市場価値を確実に高める一冊です。この本を読み終えたとき、あなたは世界標準のPythonスキルを手に入れ、年収アップへの具体的な道筋が見えているでしょう。...
シリコンバレー最前線！Pythonプロフェッショナル技術を完全マスターする方法,https://set-ten.com/tech-ai/programming/705/#i-6,,,本書「シリコンバレー一流プログラマーが教える Pythonプロフェッショナル大全」は、あなたのエンジニアとしての市場価値を確実に高める一冊です。この本を読み終えたとき、あなたは世界標準のPythonスキルを手に入れ、年収アップへの具体的な道筋が見えているでしょう。...
シリコンバレー最前線！Pythonプロフェッショナル技術を完全マスターする方法,https://set-ten.com/tech-ai/programming/705/#i-19,,,本書「シリコンバレー一流プログラマーが教える Pythonプロフェッショナル大全」は、あなたのエンジニアとしての市場価値を確実に高める一冊です。この本を読み終えたとき、あなたは世界標準のPythonスキルを手に入れ、年収アップへの具体的な道筋が見えているでしょう。...
,https://set-ten.com/author/spockn/,,,
シリコンバレー最前線！Pythonプロフェッショナル技術を完全マスターする方法,https://set-ten.com/tech-ai/programming/705/#i-11,,,本書「シリコンバレー一流プログラマーが教える Pythonプロフェッショナル大全」は、あなたのエンジニアとしての市場価値を確実に高める一冊です。この本を読み終えたとき、あなたは世界標準のPythonスキルを手に入れ、年収アップへの具体的な道筋が見えているでしょう。...
シリコンバレー最前線！Pythonプロフェッショナル技術を完全マスターする方法,https://set-ten.com/tech-ai/programming/705/#i-15,,,本書「シリコンバレー一流プログラマーが教える Pythonプロフェッショナル大全」は、あなたのエンジニアとしての市場価値を確実に高める一冊です。この本を読み終えたとき、あなたは世界標準のPythonスキルを手に入れ、年収アップへの具体的な道筋が見えているでしょう。...
,https://set-ten.com/date/2025/04/,,,
シリコンバレー最前線！Pythonプロフェッショナル技術を完全マスターする方法,https://set-ten.com/tech-ai/programming/705/#i-14,,,本書「シリコンバレー一流プログラマーが教える Pythonプロフェッショナル大全」は、あなたのエンジニアとしての市場価値を確実に高める一冊です。この本を読み終えたとき、あなたは世界標準のPythonスキルを手に入れ、年収アップへの具体的な道筋が見えているでしょう。...
シリコンバレー最前線！Pythonプロフェッショナル技術を完全マスターする方法,https://set-ten.com/tech-ai/programming/705/#i-3,,,本書「シリコンバレー一流プログラマーが教える Pythonプロフェッショナル大全」は、あなたのエンジニアとしての市場価値を確実に高める一冊です。この本を読み終えたとき、あなたは世界標準のPythonスキルを手に入れ、年収アップへの具体的な道筋が見えているでしょう。...
,https://set-ten.com/date/2025/05/,,,
シリコンバレー最前線！Pythonプロフェッショナル技術を完全マスターする方法,https://set-ten.com/tech-ai/programming/705/#i-8,,,本書「シリコンバレー一流プログラマーが教える Pythonプロフェッショナル大全」は、あなたのエンジニアとしての市場価値を確実に高める一冊です。この本を読み終えたとき、あなたは世界標準のPythonスキルを手に入れ、年収アップへの具体的な道筋が見えているでしょう。...
シリコンバレー最前線！Pythonプロフェッショナル技術を完全マスターする方法,https://set-ten.com/tech-ai/programming/705/#i-10,,,本書「シリコンバレー一流プログラマーが教える Pythonプロフェッショナル大全」は、あなたのエンジニアとしての市場価値を確実に高める一冊です。この本を読み終えたとき、あなたは世界標準のPythonスキルを手に入れ、年収アップへの具体的な道筋が見えているでしょう。...
,https://set-ten.com/date/2024/12/,,,
,https://set-ten.com/date/2024/06/,,,
シリコンバレー最前線！Pythonプロフェッショナル技術を完全マスターする方法,https://set-ten.com/tech-ai/programming/705/#i-16,,,本書「シリコンバレー一流プログラマーが教える Pythonプロフェッショナル大全」は、あなたのエンジニアとしての市場価値を確実に高める一冊です。この本を読み終えたとき、あなたは世界標準のPythonスキルを手に入れ、年収アップへの具体的な道筋が見えているでしょう。...
シリコンバレー最前線！Pythonプロフェッショナル技術を完全マスターする方法,https://set-ten.com/tech-ai/programming/705/#i-0,,,本書「シリコンバレー一流プログラマーが教える Pythonプロフェッショナル大全」は、あなたのエンジニアとしての市場価値を確実に高める一冊です。この本を読み終えたとき、あなたは世界標準のPythonスキルを手に入れ、年収アップへの具体的な道筋が見えているでしょう。...
個人開発でスキルアップと収入アップ！生成AIで最速の成果を目指す方法,https://set-ten.com/career-life/side-career/690/#i-4,,,『個人開発をはじめよう！クリエイター25人の実践エピソード』は、プログラミング初心者からベテラン開発者まで、多様なバックグラウンドを持つ25名のクリエイターの実体験を通じて、個人開発のリアルを学べる一冊です。本書は、以下のような読者にとって強力なガイドブックとなります。...
個人開発でスキルアップと収入アップ！生成AIで最速の成果を目指す方法,https://set-ten.com/career-life/side-career/690/#i-16,,,『個人開発をはじめよう！クリエイター25人の実践エピソード』は、プログラミング初心者からベテラン開発者まで、多様なバックグラウンドを持つ25名のクリエイターの実体験を通じて、個人開発のリアルを学べる一冊です。本書は、以下のような読者にとって強力なガイドブックとなります。...
個人開発でスキルアップと収入アップ！生成AIで最速の成果を目指す方法,https://set-ten.com/career-life/side-career/690/#i-0,,,『個人開発をはじめよう！クリエイター25人の実践エピソード』は、プログラミング初心者からベテラン開発者まで、多様なバックグラウンドを持つ25名のクリエイターの実体験を通じて、個人開発のリアルを学べる一冊です。本書は、以下のような読者にとって強力なガイドブックとなります。...
個人開発でスキルアップと収入アップ！生成AIで最速の成果を目指す方法,https://set-ten.com/career-life/side-career/690/#i-8,,,『個人開発をはじめよう！クリエイター25人の実践エピソード』は、プログラミング初心者からベテラン開発者まで、多様なバックグラウンドを持つ25名のクリエイターの実体験を通じて、個人開発のリアルを学べる一冊です。本書は、以下のような読者にとって強力なガイドブックとなります。...
個人開発でスキルアップと収入アップ！生成AIで最速の成果を目指す方法,https://set-ten.com/career-life/side-career/690/#i-21,,,『個人開発をはじめよう！クリエイター25人の実践エピソード』は、プログラミング初心者からベテラン開発者まで、多様なバックグラウンドを持つ25名のクリエイターの実体験を通じて、個人開発のリアルを学べる一冊です。本書は、以下のような読者にとって強力なガイドブックとなります。...
